1,12
1,15
1,16
1,24
1,25
1,33
1,59
1,61
1,111
1,114
1,152
1,158
1,167
1,173
1,210
1,222
1,238
1,243
1,323
1,347
1,355
1,356
1,370
2,4
2,7
2,8
2,41
2,56
2,58
2,67
2,75
2,78
2,87
2,95
2,96
2,106
2,108
2,117
2,122
2,139
2,160
2,174
2,182
2,200
2,203
2,228
2,244
2,261
2,292
2,314
2,340
2,356
2,377
2,379
2,381
2,382
2,384
2,399
3,29
3,67
3,86
3,87
3,98
3,102
3,111
3,118
3,136
3,140
3,145
3,147
3,163
3,164
3,165
3,166
3,182
3,198
3,222
3,227
3,231
3,235
3,246
3,273
3,280
3,304
3,311
3,326
3,346
3,347
3,374
4,25
4,37
4,42
4,48
4,50
4,51
4,53
4,57
4,60
4,61
4,69
4,86
4,88
4,93
4,98
4,109
4,111
4,112
4,114
4,116
4,117
4,122
4,128
4,130
4,136
4,137
4,150
4,152
4,159
4,163
4,164
4,167
4,170
4,174
4,178
4,188
4,189
4,198
4,203
4,214
4,215
4,231
4,234
4,235
4,236
4,247
4,250
4,252
4,253
4,255
4,262
4,265
4,278
4,280
4,287
4,290
4,303
4,306
4,316
4,324
4,334
4,340
4,341
4,346
4,351
4,358
4,362
4,368
4,371
4,393
4,398
5,7
5,28
5,33
5,37
5,61
5,79
5,81
5,82
5,87
5,97
5,98
5,105
5,115
5,116
5,141
5,147
5,153
5,154
5,176
5,182
5,196
5,204
5,212
5,217
5,224
5,234
5,241
5,247
5,256
5,261
5,263
5,265
5,271
5,272
5,281
5,284
5,289
5,296
5,302
5,326
5,329
5,334
5,336
5,340
5,341
5,347
5,370
5,373
5,374
5,376
5,378
5,400
6,25
6,67
6,93
6,105
6,121
6,131
6,158
6,166
6,200
6,228
6,367
6,374
6,390
7,28
7,38
7,62
7,78
7,81
7,101
7,106
7,107
7,108
7,117
7,118
7,146
7,155
7,160
7,200
7,254
7,267
7,283
7,326
8,18
8,21
8,33
8,49
8,55
8,58
8,69
8,81
8,89
8,105
8,111
8,116
8,121
8,122
8,139
8,146
8,176
8,217
8,222
8,248
8,256
8,261
8,262
8,265
8,270
8,271
8,284
8,302
8,303
8,326
8,331
8,338
8,339
8,343
8,348
8,373
8,389
9,12
9,14
9,21
9,25
9,27
9,28
9,32
9,39
9,53
9,60
9,62
9,64
9,77
9,91
9,99
9,101
9,103
9,106
9,110
9,114
9,119
9,122
9,131
9,132
9,136
9,141
9,145
9,150
9,155
9,156
9,161
9,162
9,177
9,179
9,195
9,200
9,211
9,214
9,220
9,231
9,241
9,244
9,246
9,254
9,259
9,260
9,261
9,262
9,288
9,290
9,293
9,326
9,339
9,343
9,344
9,353
9,361
9,366
9,374
9,389
9,399
10,24
10,62
10,68
10,71
10,94
10,96
10,114
10,126
10,164
10,235
10,251
10,273
10,274
10,303
10,364
10,371
11,16
11,28
11,30
11,33
11,39
11,56
11,81
11,85
11,87
11,91
11,104
11,109
11,121
11,152
11,154
11,169
11,176
11,258
11,303
11,326
11,344
11,363
11,394
11,396
12,16
12,25
12,26
12,28
12,32
12,33
12,40
12,41
12,49
12,62
12,84
12,88
12,89
12,97
12,101
12,103
12,111
12,120
12,123
12,128
12,131
12,136
12,137
12,139
12,144
12,147
12,149
12,153
12,156
12,157
12,158
12,164
12,166
12,167
12,171
12,173
12,176
12,178
12,188
12,189
12,199
12,200
12,203
12,213
12,218
12,228
12,235
12,239
12,240
12,241
12,242
12,245
12,247
12,252
12,274
12,282
12,288
12,289
12,301
12,302
12,310
12,311
12,333
12,336
12,339
12,340
12,345
12,346
12,347
12,350
12,360
12,361
12,367
12,371
12,379
12,387
12,391
12,397
13,21
13,37
13,41
13,56
13,67
13,73
13,78
13,79
13,81
13,86
13,103
13,104
13,107
13,122
13,139
13,141
13,146
13,154
13,178
13,181
13,191
13,203
13,208
13,271
13,275
13,280
13,286
13,288
13,313
13,324
13,326
13,351
13,367
13,368
13,378
13,388
13,398
14,18
14,21
14,23
14,25
14,32
14,48
14,49
14,50
14,59
14,64
14,76
14,88
14,90
14,93
14,103
14,110
14,131
14,138
14,144
14,164
14,178
14,182
14,186
14,189
14,204
14,205
14,208
14,217
14,220
14,228
14,230
14,239
14,243
14,247
14,250
14,255
14,280
14,293
14,323
14,324
14,332
14,336
14,338
14,377
14,380
15,21
15,28
15,46
15,48
15,58
15,68
15,76
15,103
15,111
15,114
15,121
15,122
15,130
15,136
15,145
15,153
15,166
15,214
15,217
15,220
15,235
15,240
15,250
15,254
15,256
15,261
15,289
15,311
15,340
15,345
15,348
15,359
15,361
15,371
15,373
15,379
15,389
15,393
15,400
16,19
16,23
16,24
16,27
16,28
16,29
16,31
16,34
16,36
16,37
16,40
16,48
16,50
16,53
16,55
16,56
16,58
16,59
16,67
16,72
16,73
16,77
16,79
16,86
16,88
16,89
16,91
16,94
16,99
16,106
16,110
16,114
16,115
16,116
16,118
16,119
16,121
16,122
16,123
16,125
16,126
16,129
16,131
16,134
16,135
16,136
16,137
16,138
16,139
16,141
16,144
16,145
16,146
16,147
16,150
16,152
16,153
16,157
16,162
16,164
16,167
16,169
16,171
16,174
16,175
16,176
16,181
16,182
16,186
16,187
16,188
16,198
16,201
16,202
16,204
16,209
16,210
16,211
16,213
16,215
16,219
16,220
16,221
16,224
16,228
16,234
16,235
16,239
16,240
16,243
16,244
16,247
16,249
16,250
16,251
16,252
16,254
16,255
16,256
16,258
16,259
16,262
16,264
16,269
16,272
16,280
16,282
16,283
16,284
16,285
16,287
16,288
16,290
16,291
16,296
16,298
16,299
16,303
16,309
16,312
16,317
16,318
16,319
16,320
16,323
16,324
16,329
16,333
16,336
16,338
16,340
16,342
16,347
16,348
16,354
16,355
16,360
16,361
16,363
16,364
16,366
16,370
16,374
16,375
16,379
16,382
16,390
16,391
16,392
16,393
16,395
16,397
16,398
16,399
16,403
17,20
17,26
17,82
17,107
17,144
17,146
17,164
17,176
17,255
17,283
17,304
17,320
17,365
17,371
18,25
18,37
18,55
18,60
18,65
18,67
18,85
18,89
18,93
18,97
18,105
18,109
18,110
18,112
18,120
18,121
18,122
18,126
18,130
18,133
18,137
18,139
18,146
18,153
18,157
18,167
18,176
18,178
18,182
18,189
18,191
18,202
18,224
18,229
18,231
18,232
18,236
18,237
18,240
18,241
18,242
18,245
18,262
18,267
18,268
18,272
18,278
18,280
18,283
18,287
18,290
18,298
18,326
18,331
18,348
19,36
19,55
19,58
19,89
19,114
19,130
19,187
19,264
19,291
19,292
19,310
19,320
19,335
19,353
20,28
20,55
20,63
20,65
20,71
20,75
20,135
20,153
20,201
20,211
20,256
20,286
20,326
20,366
21,22
21,23
21,25
21,28
21,32
21,35
21,36
21,37
21,44
21,46
21,49
21,55
21,60
21,67
21,72
21,89
21,91
21,93
21,94
21,99
21,106
21,108
21,110
21,111
21,114
21,116
21,121
21,122
21,127
21,136
21,137
21,138
21,144
21,153
21,154
21,156
21,158
21,160
21,162
21,164
21,166
21,169
21,177
21,179
21,194
21,198
21,208
21,215
21,217
21,220
21,228
21,231
21,242
21,243
21,246
21,248
21,251
21,261
21,264
21,270
21,275
21,282
21,300
21,310
21,318
21,324
21,329
21,331
21,333
21,336
21,337
21,340
21,342
21,345
21,348
21,360
21,369
21,370
21,372
21,382
21,385
21,393
21,397
22,39
22,46
22,62
22,71
22,75
22,81
22,83
22,93
22,94
22,120
22,121
22,131
22,139
22,147
22,153
22,157
22,200
22,201
22,204
22,211
22,236
22,280
22,298
22,302
22,326
22,343
22,364
23,28
23,29
23,47
23,48
23,53
23,64
23,79
23,91
23,97
23,103
23,105
23,110
23,116
23,139
23,145
23,147
23,155
23,172
23,208
23,228
23,232
23,246
23,256
23,265
23,271
23,301
23,304
23,306
23,312
23,316
23,329
23,332
23,335
23,347
23,362
23,364
23,373
23,382
23,385
23,397
23,403
24,25
24,35
24,40
24,41
24,59
24,65
24,69
24,75
24,84
24,93
24,97
24,103
24,111
24,114
24,116
24,121
24,130
24,152
24,156
24,157
24,167
24,181
24,193
24,208
24,228
24,241
24,256
24,262
24,283
24,301
24,303
24,306
24,324
24,328
24,333
24,340
24,343
24,348
24,353
24,355
24,369
24,370
24,377
24,386
24,400
25,36
25,37
25,42
25,59
25,60
25,68
25,87
25,90
25,93
25,103
25,105
25,112
25,121
25,125
25,131
25,139
25,144
25,146
25,147
25,152
25,154
25,157
25,170
25,174
25,198
25,211
25,220
25,239
25,241
25,245
25,247
25,254
25,267
25,275
25,280
25,298
25,305
25,323
25,331
25,336
25,357
25,368
25,374
25,399
26,33
26,35
26,55
26,79
26,92
26,99
26,103
26,121
26,122
26,126
26,128
26,130
26,136
26,139
26,141
26,144
26,146
26,161
26,176
26,202
26,208
26,211
26,215
26,224
26,231
26,234
26,239
26,242
26,244
26,246
26,249
26,255
26,262
26,272
26,283
26,301
26,304
26,317
26,324
26,326
26,340
26,371
26,375
26,385
26,387
26,392
26,394
27,28
27,59
27,84
27,89
27,90
27,93
27,102
27,114
27,116
27,119
27,120
27,122
27,126
27,153
27,157
27,231
27,241
27,246
27,254
27,262
27,323
27,348
27,374
27,380
27,397
28,29
28,30
28,37
28,38
28,39
28,41
28,42
28,53
28,55
28,67
28,68
28,69
28,70
28,73
28,76
28,78
28,79
28,81
28,82
28,85
28,88
28,90
28,92
28,93
28,94
28,96
28,97
28,99
28,107
28,110
28,111
28,116
28,119
28,122
28,126
28,127
28,130
28,132
28,136
28,143
28,146
28,152
28,153
28,154
28,155
28,164
28,167
28,170
28,171
28,176
28,177
28,182
28,184
28,187
28,191
28,198
28,200
28,208
28,218
28,220
28,222
28,224
28,231
28,232
28,234
28,239
28,240
28,241
28,245
28,246
28,251
28,254
28,255
28,256
28,261
28,262
28,268
28,272
28,275
28,280
28,282
28,283
28,288
28,290
28,302
28,303
28,306
28,315
28,316
28,324
28,328
28,331
28,333
28,340
28,341
28,343
28,344
28,351
28,354
28,356
28,359
28,360
28,362
28,366
28,371
28,373
28,375
28,376
28,377
28,380
28,389
28,390
28,392
28,394
28,399
28,403
29,38
29,47
29,69
29,75
29,78
29,82
29,88
29,98
29,106
29,107
29,118
29,122
29,127
29,156
29,160
29,164
29,187
29,193
29,200
29,222
29,224
29,254
29,262
29,273
29,290
29,292
29,299
29,326
29,337
29,344
29,345
29,359
29,374
29,380
29,385
30,65
30,73
30,85
30,87
30,109
30,140
30,153
30,170
30,187
30,193
30,200
30,217
30,231
30,248
30,270
30,323
30,331
30,368
30,403
31,37
31,61
31,66
31,74
31,81
31,90
31,106
31,119
31,120
31,122
31,156
31,157
31,174
31,175
31,178
31,179
31,222
31,227
31,239
31,242
31,255
31,256
31,276
31,280
31,298
31,326
31,380
31,400
32,75
32,80
32,91
32,93
32,94
32,95
32,101
32,104
32,105
32,114
32,116
32,126
32,132
32,136
32,140
32,158
32,159
32,166
32,167
32,170
32,171
32,182
32,187
32,189
32,197
32,208
32,210
32,211
32,221
32,222
32,231
32,241
32,242
32,246
32,247
32,256
32,259
32,271
32,289
32,305
32,310
32,318
32,323
32,324
32,326
32,329
32,331
32,340
32,358
32,364
32,370
32,373
32,374
32,379
32,380
32,386
32,398
32,399
32,400
33,34
33,42
33,47
33,53
33,56
33,72
33,76
33,80
33,83
33,85
33,88
33,89
33,93
33,97
33,104
33,105
33,107
33,109
33,111
33,114
33,119
33,121
33,126
33,131
33,136
33,137
33,138
33,139
33,140
33,147
33,152
33,153
33,154
33,157
33,158
33,161
33,166
33,176
33,182
33,189
33,194
33,196
33,200
33,205
33,212
33,213
33,222
33,228
33,234
33,240
33,242
33,251
33,258
33,273
33,280
33,281
33,282
33,285
33,298
33,301
33,302
33,305
33,307
33,317
33,324
33,326
33,333
33,336
33,346
33,347
33,355
33,362
33,367
33,399
33,403
34,50
34,56
34,63
34,101
34,132
34,150
34,152
34,167
34,170
34,171
34,215
34,221
34,223
34,227
34,228
34,229
34,240
34,241
34,242
34,271
34,273
34,291
34,305
34,317
34,336
34,343
34,364
34,381
35,41
35,58
35,59
35,66
35,67
35,69
35,73
35,104
35,109
35,118
35,122
35,126
35,131
35,138
35,144
35,150
35,161
35,167
35,176
35,179
35,180
35,184
35,194
35,218
35,220
35,231
35,237
35,239
35,247
35,259
35,262
35,265
35,270
35,271
35,303
35,318
35,328
35,331
35,361
35,377
35,390
36,37
36,54
36,66
36,67
36,93
36,98
36,99
36,107
36,115
36,120
36,131
36,136
36,141
36,156
36,157
36,163
36,188
36,193
36,198
36,200
36,217
36,220
36,224
36,227
36,231
36,241
36,243
36,246
36,256
36,265
36,275
36,283
36,289
36,290
36,295
36,310
36,333
36,338
36,348
36,350
36,352
36,359
36,374
36,399
37,45
37,46
37,60
37,61
37,70
37,76
37,81
37,89
37,91
37,93
37,96
37,103
37,112
37,121
37,125
37,129
37,138
37,139
37,145
37,156
37,157
37,174
37,178
37,190
37,203
37,207
37,227
37,231
37,234
37,239
37,241
37,246
37,247
37,250
37,251
37,262
37,267
37,276
37,280
37,284
37,287
37,293
37,305
37,314
37,316
37,326
37,329
37,331
37,333
37,338
37,348
37,362
37,372
37,374
37,378
37,385
37,386
37,390
37,399
38,40
38,75
38,78
38,106
38,107
38,108
38,117
38,118
38,138
38,160
38,167
38,222
38,231
38,254
38,263
38,398
39,45
39,46
39,56
39,64
39,77
39,79
39,81
39,82
39,85
39,89
39,91
39,97
39,99
39,104
39,112
39,119
39,122
39,126
39,149
39,150
39,152
39,154
39,156
39,157
39,162
39,170
39,182
39,189
39,200
39,217
39,220
39,240
39,254
39,255
39,258
39,303
39,311
39,326
39,344
39,347
39,353
39,361
39,366
39,371
39,374
39,376
39,381
39,394
39,403
40,41
40,51
40,61
40,64
40,76
40,79
40,87
40,88
40,89
40,92
40,95
40,106
40,114
40,118
40,121
40,123
40,126
40,129
40,130
40,138
40,144
40,145
40,146
40,152
40,157
40,161
40,167
40,171
40,182
40,187
40,209
40,217
40,220
40,228
40,244
40,245
40,247
40,256
40,261
40,262
40,271
40,276
40,300
40,331
40,332
40,333
40,335
40,338
40,340
40,344
40,345
40,347
40,348
40,350
40,356
40,357
40,360
40,362
40,399
41,48
41,55
41,56
41,67
41,69
41,78
41,79
41,94
41,97
41,106
41,108
41,131
41,134
41,136
41,145
41,146
41,147
41,155
41,156
41,158
41,160
41,162
41,170
41,173
41,187
41,188
41,193
41,202
41,211
41,214
41,220
41,225
41,231
41,239
41,246
41,247
41,250
41,252
41,260
41,263
41,273
41,276
41,283
41,287
41,292
41,303
41,310
41,311
41,324
41,331
41,334
41,337
41,338
41,340
41,344
41,350
41,354
41,360
41,363
41,371
41,373
41,379
41,381
41,382
41,386
41,388
41,392
41,400
41,401
41,403
42,53
42,76
42,91
42,92
42,95
42,110
42,114
42,126
42,129
42,144
42,145
42,149
42,152
42,178
42,182
42,190
42,197
42,228
42,231
42,239
42,242
42,244
42,247
42,250
42,253
42,255
42,264
42,291
42,309
42,357
42,378
42,393
42,394
42,398
42,399
43,120
43,153
43,166
43,356
43,371
43,376
44,84
44,85
44,122
44,139
44,148
44,176
44,182
44,200
44,222
44,231
44,244
44,264
44,275
44,348
44,397
45,46
45,49
45,55
45,62
45,79
45,108
45,114
45,122
45,136
45,154
45,259
45,261
45,271
45,356
45,374
45,387
45,393
45,398
46,49
46,53
46,64
46,79
46,81
46,87
46,91
46,93
46,103
46,109
46,113
46,123
46,125
46,140
46,154
46,158
46,160
46,166
46,200
46,208
46,211
46,225
46,227
46,228
46,231
46,242
46,249
46,259
46,265
46,271
46,310
46,312
46,323
46,324
46,326
46,327
46,331
46,333
46,336
46,345
46,348
46,351
46,357
46,360
46,368
46,371
46,373
46,375
46,377
46,378
46,379
46,383
46,385
46,387
46,390
46,398
46,399
47,59
47,67
47,82
47,86
47,94
47,106
47,113
47,127
47,130
47,158
47,200
47,268
47,303
47,341
47,371
47,386
47,393
47,398
47,403
48,53
48,60
48,72
48,103
48,116
48,122
48,126
48,128
48,132
48,136
48,138
48,143
48,144
48,146
48,152
48,167
48,182
48,187
48,188
48,208
48,214
48,215
48,221
48,222
48,223
48,227
48,228
48,231
48,236
48,239
48,244
48,247
48,250
48,255
48,256
48,262
48,271
48,275
48,283
48,284
48,306
48,310
48,317
48,320
48,323
48,326
48,334
48,336
48,340
48,353
48,356
48,358
48,361
48,362
48,370
48,373
48,374
48,379
48,385
48,386
48,389
48,392
48,399
49,53
49,76
49,80
49,91
49,97
49,110
49,135
49,156
49,161
49,167
49,169
49,170
49,187
49,188
49,220
49,222
49,231
49,239
49,241
49,247
49,255
49,262
49,264
49,272
49,280
49,289
49,328
49,336
49,338
49,339
49,346
49,347
49,356
49,370
49,371
49,373
49,377
49,391
50,64
50,69
50,79
50,82
50,111
50,129
50,135
50,136
50,156
50,164
50,188
50,193
50,200
50,208
50,220
50,222
50,228
50,256
50,264
50,271
50,313
50,340
50,364
50,395
50,399
51,53
51,97
51,121
51,126
51,156
51,161
51,164
51,245
51,346
51,399
52,58
52,59
52,83
52,153
52,200
52,225
52,227
52,292
52,300
52,301
52,308
52,337
52,342
52,346
52,364
52,373
52,382
52,393
52,402
53,56
53,68
53,78
53,79
53,91
53,93
53,94
53,106
53,114
53,116
53,128
53,139
53,146
53,155
53,176
53,178
53,187
53,188
53,221
53,239
53,289
53,306
53,310
53,314
53,340
53,369
53,370
53,372
53,373
53,378
53,398
54,93
54,110
54,157
54,329
54,333
54,340
54,350
55,60
55,63
55,66
55,67
55,68
55,71
55,75
55,82
55,116
55,117
55,119
55,122
55,126
55,127
55,135
55,144
55,146
55,181
55,184
55,187
55,193
55,202
55,208
55,211
55,214
55,227
55,239
55,241
55,247
55,250
55,259
55,262
55,264
55,267
55,268
55,272
55,273
55,280
55,283
55,287
55,290
55,301
55,311
55,329
55,331
55,334
55,336
55,340
55,344
55,345
55,354
55,363
55,376
55,378
55,386
55,390
56,64
56,66
56,74
56,77
56,78
56,79
56,88
56,91
56,104
56,105
56,106
56,118
56,119
56,121
56,131
56,134
56,141
56,144
56,151
56,152
56,153
56,156
56,158
56,160
56,164
56,166
56,167
56,169
56,176
56,182
56,200
56,201
56,202
56,206
56,210
56,215
56,218
56,219
56,220
56,221
56,222
56,224
56,228
56,230
56,234
56,235
56,239
56,240
56,242
56,243
56,244
56,247
56,251
56,254
56,258
56,259
56,262
56,272
56,273
56,275
56,280
56,282
56,284
56,285
56,287
56,288
56,296
56,298
56,305
56,319
56,324
56,336
56,337
56,340
56,347
56,350
56,356
56,381
56,382
56,393
56,394
56,399
57,81
57,112
57,131
57,132
57,139
57,157
57,173
57,208
57,214
57,223
57,228
57,250
57,259
57,271
57,290
57,303
57,315
57,323
57,326
57,328
57,340
57,356
57,374
57,392
58,68
58,70
58,82
58,92
58,101
58,102
58,122
58,130
58,132
58,143
58,146
58,156
58,158
58,163
58,181
58,186
58,200
58,215
58,218
58,231
58,234
58,235
58,239
58,247
58,264
58,296
58,311
58,323
58,329
58,331
58,332
58,340
58,345
58,346
58,352
58,360
58,361
58,369
58,370
58,377
58,395
59,67
59,70
59,82
59,89
59,92
59,107
59,110
59,111
59,128
59,153
59,157
59,161
59,171
59,188
59,189
59,208
59,222
59,229
59,231
59,242
59,245
59,247
59,256
59,260
59,273
59,280
59,287
59,292
59,333
59,337
59,348
59,364
59,371
59,373
59,377
59,398
59,400
59,403
60,61
60,68
60,83
60,88
60,93
60,94
60,98
60,110
60,126
60,133
60,139
60,157
60,171
60,174
60,178
60,189
60,193
60,220
60,224
60,231
60,245
60,247
60,256
60,262
60,265
60,271
60,276
60,280
60,286
60,304
60,305
60,311
60,314
60,326
60,328
60,348
60,351
60,359
60,361
60,364
60,372
60,373
60,374
60,389
60,391
60,395
60,399
61,67
61,68
61,75
61,81
61,82
61,83
61,89
61,92
61,94
61,98
61,99
61,111
61,120
61,129
61,131
61,135
61,138
61,139
61,144
61,145
61,150
61,153
61,155
61,157
61,158
61,164
61,167
61,170
61,171
61,190
61,191
61,193
61,198
61,205
61,209
61,210
61,213
61,218
61,220
61,224
61,231
61,234
61,239
61,241
61,245
61,247
61,253
61,254
61,255
61,262
61,272
61,273
61,280
61,283
61,288
61,308
61,311
61,326
61,328
61,331
61,333
61,335
61,336
61,337
61,348
61,352
61,354
61,359
61,364
61,370
61,380
61,388
61,389
61,397
62,63
62,71
62,90
62,103
62,136
62,139
62,153
62,156
62,160
62,169
62,231
62,234
62,240
62,241
62,254
62,267
62,293
62,333
62,348
62,353
62,359
62,376
62,391
63,71
63,74
63,88
63,90
63,122
63,135
63,150
63,167
63,169
63,179
63,222
63,241
63,267
63,303
63,347
63,353
63,367
63,370
63,376
64,83
64,88
64,89
64,90
64,103
64,105
64,120
64,144
64,145
64,147
64,164
64,170
64,172
64,198
64,216
64,220
64,228
64,231
64,236
64,240
64,253
64,270
64,274
64,285
64,291
64,293
64,304
64,316
64,318
64,331
64,332
64,336
64,342
64,355
64,360
65,73
65,81
65,82
65,87
65,91
65,99
65,104
65,109
65,117
65,121
65,139
65,153
65,204
65,234
65,237
65,276
65,326
65,331
65,368
65,374
65,388
65,392
66,74
66,77
66,78
66,99
66,129
66,136
66,139
66,150
66,153
66,165
66,167
66,184
66,195
66,231
66,285
66,296
66,301
66,336
66,347
66,390
66,396
66,397
66,398
67,69
67,70
67,71
67,72
67,73
67,78
67,79
67,83
67,84
67,86
67,87
67,89
67,90
67,91
67,98
67,99
67,101
67,105
67,110
67,115
67,125
67,129
67,135
67,136
67,137
67,139
67,141
67,147
67,152
67,157
67,158
67,171
67,194
67,201
67,204
67,205
67,208
67,221
67,222
67,224
67,228
67,231
67,233
67,235
67,237
67,244
67,246
67,248
67,260
67,267
67,272
67,276
67,280
67,284
67,288
67,289
67,293
67,304
67,305
67,306
67,313
67,314
67,326
67,333
67,339
67,340
67,351
67,353
67,363
67,382
67,385
67,403
68,92
68,94
68,95
68,97
68,114
68,115
68,116
68,131
68,143
68,150
68,161
68,163
68,174
68,182
68,189
68,231
68,232
68,240
68,242
68,247
68,248
68,264
68,271
68,320
68,334
68,339
68,347
68,359
68,373
68,387
68,403
69,73
69,74
69,79
69,86
69,88
69,96
69,103
69,106
69,111
69,117
69,121
69,128
69,130
69,133
69,136
69,137
69,147
69,150
69,152
69,155
69,159
69,162
69,164
69,171
69,179
69,187
69,190
69,204
69,211
69,220
69,222
69,224
69,227
69,228
69,231
69,232
69,234
69,240
69,255
69,256
69,263
69,265
69,267
69,283
69,290
69,331
69,335
69,337
69,340
69,341
69,347
69,356
69,357
69,359
69,360
69,366
69,370
69,371
69,372
70,79
70,84
70,88
70,90
70,93
70,103
70,107
70,116
70,139
70,143
70,145
70,151
70,158
70,164
70,174
70,181
70,189
70,190
70,220
70,241
70,242
70,273
70,286
70,298
70,303
70,317
70,331
70,341
70,356
70,357
70,392
70,398
70,399
71,75
71,88
71,90
71,97
71,107
71,121
71,135
71,138
71,153
71,169
71,170
71,175
71,211
71,223
71,231
71,241
71,254
71,272
71,275
71,296
71,305
71,320
71,325
71,331
71,344
71,348
71,353
71,356
71,363
71,367
71,375
71,376
71,389
71,399
72,84
72,86
72,92
72,98
72,157
72,167
72,228
72,231
72,235
72,240
72,246
72,250
72,284
72,328
72,336
72,347
72,362
72,399
73,81
73,83
73,85
73,87
73,91
73,93
73,104
73,106
73,109
73,113
73,126
73,136
73,138
73,140
73,145
73,153
73,154
73,167
73,189
73,199
73,222
73,313
73,318
73,326
73,329
73,333
73,337
73,340
73,344
73,345
73,363
73,370
73,382
73,398
73,403
74,78
74,82
74,86
74,93
74,98
74,122
74,134
74,144
74,153
74,157
74,165
74,167
74,195
74,198
74,239
74,241
74,242
74,255
74,304
74,306
74,318
74,336
74,361
74,367
74,386
74,390
74,396
75,84
75,87
75,89
75,93
75,98
75,101
75,105
75,107
75,119
75,127
75,135
75,139
75,147
75,150
75,153
75,156
75,157
75,158
75,200
75,211
75,231
75,252
75,254
75,260
75,261
75,262
75,263
75,268
75,271
75,272
75,292
75,294
75,301
75,302
75,314
75,323
75,326
75,329
75,333
75,334
75,343
75,351
75,352
75,363
75,366
75,376
75,399
75,400
75,401
76,78
76,80
76,81
76,85
76,87
76,89
76,103
76,104
76,109
76,110
76,112
76,120
76,122
76,127
76,131
76,139
76,144
76,145
76,156
76,157
76,158
76,164
76,166
76,170
76,176
76,184
76,200
76,225
76,228
76,229
76,244
76,255
76,256
76,257
76,258
76,262
76,268
76,280
76,290
76,293
76,296
76,301
76,344
76,345
76,369
76,373
76,374
76,377
76,385
76,387
76,388
76,391
77,82
77,92
77,111
77,114
77,126
77,139
77,144
77,146
77,152
77,167
77,187
77,204
77,208
77,252
77,254
77,270
77,272
77,276
77,296
77,336
77,357
77,361
78,82
78,89
78,106
78,108
78,117
78,118
78,126
78,160
78,169
78,189
78,193
78,208
78,217
78,227
78,239
78,248
78,271
78,367
78,371
78,377
79,82
79,87
79,89
79,91
79,97
79,99
79,110
79,114
79,122
79,129
79,136
79,138
79,141
79,144
79,145
79,149
79,153
79,154
79,156
79,157
79,163
79,170
79,177
79,182
79,195
79,201
79,202
79,222
79,223
79,224
79,231
79,240
79,244
79,247
79,248
79,255
79,256
79,259
79,260
79,261
79,264
79,267
79,268
79,280
79,282
79,287
79,289
79,293
79,301
79,303
79,305
79,318
79,326
79,327
79,329
79,332
79,333
79,334
79,335
79,336
79,340
79,341
79,345
79,346
79,347
79,352
79,356
79,359
79,360
79,374
79,375
79,379
79,382
79,385
79,386
79,387
79,389
79,392
79,399
79,401
79,402
79,403
80,89
80,92
80,94
80,101
80,103
80,104
80,109
80,121
80,131
80,134
80,154
80,158
80,162
80,163
80,164
80,166
80,171
80,189
80,200
80,208
80,220
80,227
80,233
80,236
80,239
80,256
80,257
80,285
80,298
80,303
80,324
80,326
80,368
80,374
80,376
80,381
81,85
81,87
81,91
81,93
81,98
81,99
81,104
81,106
81,109
81,113
81,130
81,131
81,132
81,135
81,136
81,140
81,144
81,145
81,146
81,148
81,152
81,153
81,154
81,156
81,169
81,171
81,173
81,177
81,186
81,189
81,191
81,200
81,204
81,208
81,209
81,211
81,218
81,222
81,223
81,225
81,227
81,231
81,232
81,234
81,236
81,244
81,245
81,259
81,261
81,275
81,276
81,278
81,282
81,290
81,301
81,303
81,312
81,315
81,318
81,323
81,324
81,326
81,327
81,331
81,341
81,344
81,348
81,350
81,360
81,366
81,368
81,369
81,374
81,379
81,381
81,386
81,389
81,390
81,392
81,394
81,398
82,89
82,92
82,93
82,94
82,97
82,100
82,101
82,106
82,114
82,116
82,121
82,126
82,127
82,128
82,130
82,131
82,135
82,136
82,144
82,146
82,150
82,154
82,157
82,158
82,161
82,165
82,170
82,171
82,174
82,178
82,187
82,189
82,205
82,208
82,210
82,211
82,222
82,223
82,228
82,242
82,244
82,245
82,256
82,264
82,268
82,276
82,291
82,302
82,314
82,329
82,331
82,336
82,342
82,354
82,367
82,370
82,373
82,380
82,397
82,398
82,400
82,403
83,97
83,101
83,103
83,105
83,116
83,121
83,131
83,134
83,139
83,147
83,153
83,160
83,176
83,200
83,215
83,239
83,246
83,247
83,256
83,265
83,271
83,286
83,292
83,298
83,302
83,318
83,332
83,334
83,336
83,340
83,343
83,344
83,361
83,398
84,86
84,88
84,93
84,97
84,98
84,122
84,130
84,141
84,144
84,157
84,223
84,228
84,231
84,237
84,239
84,246
84,272
84,280
84,296
84,305
84,326
84,328
84,331
84,336
84,340
84,348
84,359
84,363
84,372
84,375
84,379
84,383
84,384
84,399
85,87
85,89
85,91
85,93
85,98
85,99
85,104
85,107
85,109
85,113
85,116
85,119
85,125
85,130
85,135
85,139
85,140
85,146
85,153
85,154
85,157
85,158
85,160
85,173
85,176
85,188
85,190
85,197
85,200
85,202
85,204
85,209
85,211
85,215
85,221
85,223
85,225
85,227
85,234
85,237
85,239
85,240
85,241
85,242
85,251
85,252
85,265
85,278
85,292
85,303
85,307
85,317
85,320
85,326
85,331
85,344
85,354
85,366
85,379
85,386
85,387
85,393
85,394
85,400
86,87
86,94
86,97
86,98
86,106
86,109
86,121
86,122
86,126
86,136
86,139
86,146
86,147
86,152
86,157
86,162
86,167
86,178
86,194
86,215
86,218
86,225
86,227
86,235
86,244
86,246
86,247
86,250
86,262
86,273
86,275
86,292
86,314
86,326
86,328
86,343
86,347
86,351
86,372
86,390
86,391
86,395
86,403
87,89
87,91
87,93
87,97
87,98
87,104
87,105
87,109
87,113
87,119
87,121
87,122
87,125
87,140
87,141
87,145
87,146
87,147
87,152
87,153
87,154
87,157
87,159
87,183
87,184
87,186
87,188
87,189
87,190
87,194
87,198
87,200
87,209
87,218
87,221
87,222
87,225
87,227
87,232
87,235
87,237
87,241
87,242
87,244
87,252
87,267
87,270
87,272
87,274
87,275
87,278
87,280
87,284
87,289
87,303
87,312
87,322
87,324
87,326
87,329
87,332
87,348
87,363
87,368
87,374
87,394
87,399
87,403
88,90
88,93
88,97
88,103
88,110
88,120
88,129
88,139
88,147
88,151
88,152
88,154
88,157
88,164
88,165
88,167
88,170
88,176
88,187
88,191
88,196
88,198
88,200
88,212
88,220
88,225
88,228
88,236
88,241
88,254
88,262
88,275
88,280
88,298
88,302
88,307
88,326
88,331
88,336
88,338
88,347
88,356
88,386
88,399
89,91
89,93
89,94
89,99
89,101
89,104
89,110
89,112
89,116
89,119
89,121
89,125
89,126
89,131
89,135
89,136
89,137
89,139
89,143
89,145
89,146
89,152
89,153
89,157
89,158
89,166
89,171
89,174
89,176
89,190
89,195
89,200
89,208
89,214
89,222
89,225
89,227
89,231
89,232
89,236
89,242
89,255
89,256
89,265
89,272
89,273
89,274
89,275
89,280
89,284
89,291
89,296
89,298
89,326
89,328
89,331
89,339
89,345
89,347
89,351
89,353
89,354
89,356
89,357
89,362
89,363
89,368
89,371
89,379
89,389
89,390
89,400
90,103
90,105
90,114
90,145
90,151
90,152
90,157
90,164
90,169
90,175
90,184
90,187
90,189
90,220
90,231
90,239
90,241
90,242
90,250
90,254
90,280
90,286
90,293
90,298
90,305
90,306
90,311
90,331
90,338
90,347
90,353
90,361
90,364
90,399
91,93
91,99
91,104
91,109
91,121
91,122
91,140
91,153
91,154
91,155
91,166
91,167
91,170
91,194
91,200
91,208
91,211
91,225
91,227
91,235
91,236
91,237
91,262
91,278
91,289
91,302
91,303
91,310
91,326
91,331
91,332
91,343
91,344
91,356
91,359
91,369
91,370
91,372
91,377
91,379
91,394
91,398
92,94
92,112
92,114
92,121
92,130
92,144
92,152
92,154
92,161
92,164
92,178
92,182
92,198
92,200
92,208
92,210
92,231
92,232
92,240
92,242
92,248
92,252
92,262
92,267
92,272
92,304
92,317
92,324
92,331
92,340
92,356
92,371
92,380
92,390
92,399
93,94
93,95
93,101
93,103
93,104
93,105
93,109
93,110
93,112
93,114
93,115
93,119
93,120
93,121
93,125
93,131
93,134
93,137
93,139
93,140
93,145
93,147
93,153
93,154
93,156
93,157
93,158
93,166
93,167
93,176
93,178
93,188
93,200
93,203
93,209
93,213
93,220
93,227
93,231
93,233
93,234
93,256
93,258
93,261
93,262
93,271
93,272
93,275
93,280
93,291
93,292
93,296
93,298
93,302
93,305
93,312
93,314
93,318
93,326
93,329
93,331
93,333
93,344
93,348
93,356
93,357
93,363
93,366
93,368
93,377
93,383
93,390
93,399
93,400
94,97
94,98
94,107
94,114
94,116
94,122
94,131
94,145
94,150
94,153
94,158
94,160
94,161
94,163
94,164
94,165
94,167
94,171
94,182
94,197
94,216
94,222
94,242
94,251
94,252
94,254
94,262
94,283
94,287
94,289
94,290
94,291
94,295
94,303
94,304
94,314
94,324
94,328
94,331
94,344
94,348
94,351
94,359
94,364
94,370
94,372
94,380
94,382
94,384
94,386
94,391
94,395
94,398
94,400
94,403
95,96
95,101
95,107
95,115
95,187
95,232
95,233
95,252
95,283
95,387
95,393
96,114
96,126
96,139
96,143
96,164
96,177
96,187
96,227
96,231
96,234
96,239
96,255
96,284
96,302
96,343
97,109
97,116
97,119
97,120
97,126
97,129
97,133
97,135
97,137
97,138
97,139
97,140
97,141
97,152
97,157
97,164
97,169
97,174
97,176
97,189
97,193
97,196
97,200
97,212
97,222
97,227
97,231
97,232
97,244
97,256
97,258
97,259
97,261
97,262
97,265
97,267
97,276
97,281
97,290
97,324
97,326
97,328
97,329
97,333
97,335
97,336
97,340
97,342
97,344
97,348
97,370
97,391
97,397
98,104
98,109
98,121
98,122
98,126
98,131
98,132
98,136
98,140
98,146
98,147
98,158
98,162
98,167
98,178
98,200
98,204
98,210
98,215
98,218
98,223
98,232
98,235
98,240
98,246
98,250
98,255
98,262
98,271
98,290
98,292
98,294
98,295
98,296
98,301
98,304
98,305
98,314
98,326
98,328
98,334
98,347
98,351
98,359
98,370
98,372
98,374
98,384
98,390
98,391
98,395
98,399
98,403
99,101
99,104
99,105
99,106
99,107
99,109
99,114
99,118
99,121
99,126
99,128
99,136
99,137
99,138
99,143
99,150
99,153
99,154
99,156
99,157
99,164
99,167
99,179
99,182
99,203
99,204
99,209
99,213
99,222
99,228
99,240
99,242
99,244
99,247
99,248
99,254
99,255
99,258
99,271
99,273
99,280
99,287
99,288
99,289
99,290
99,303
99,305
99,309
99,329
99,331
99,335
99,337
99,346
99,348
99,363
99,364
99,368
99,386
99,399
99,403
100,102
100,114
100,173
100,187
100,216
100,296
100,360
100,399
101,107
101,114
101,115
101,122
101,131
101,132
101,135
101,136
101,138
101,144
101,152
101,153
101,156
101,158
101,160
101,161
101,169
101,183
101,188
101,189
101,195
101,204
101,222
101,223
101,227
101,231
101,233
101,239
101,240
101,247
101,249
101,255
101,256
101,264
101,265
101,271
101,283
101,302
101,303
101,310
101,340
101,343
101,350
101,357
101,364
101,365
101,371
101,378
101,382
101,387
101,399
101,400
102,106
102,114
102,130
102,152
102,153
102,169
102,187
102,188
102,199
102,231
102,248
102,271
102,283
102,303
102,332
102,337
102,344
102,360
102,388
102,399
103,105
103,110
103,111
103,121
103,139
103,144
103,151
103,157
103,158
103,164
103,165
103,170
103,178
103,181
103,182
103,203
103,208
103,215
103,217
103,220
103,222
103,223
103,224
103,228
103,229
103,241
103,242
103,246
103,250
103,260
103,261
103,271
103,272
103,280
103,293
103,298
103,301
103,304
103,317
103,329
103,331
103,333
103,338
103,339
103,341
103,376
103,395
103,402
104,109
104,113
104,119
104,127
104,130
104,140
104,146
104,152
104,153
104,154
104,158
104,159
104,165
104,166
104,176
104,188
104,190
104,197
104,200
104,204
104,208
104,209
104,218
104,220
104,225
104,227
104,239
104,242
104,252
104,258
104,263
104,281
104,298
104,303
104,318
104,324
104,326
104,331
104,344
104,361
104,368
104,374
104,376
104,378
104,392
104,394
104,397
104,399
105,110
105,116
105,131
105,136
105,137
105,139
105,158
105,164
105,166
105,173
105,174
105,176
105,182
105,193
105,195
105,200
105,201
105,228
105,236
105,246
105,256
105,262
105,265
105,271
105,278
105,286
105,289
105,298
105,305
105,334
105,373
105,377
105,390
105,400
106,107
106,108
106,114
106,117
106,118
106,121
106,122
106,136
106,144
106,153
106,160
106,164
106,166
106,181
106,188
106,200
106,206
106,215
106,222
106,225
106,229
106,231
106,242
106,248
106,250
106,252
106,254
106,255
106,269
106,280
106,286
106,288
106,296
106,326
106,336
106,340
106,343
106,347
106,363
106,374
106,379
106,381
106,382
106,388
106,400
106,403
107,115
107,118
107,120
107,133
107,134
107,135
107,139
107,141
107,143
107,144
107,149
107,153
107,156
107,159
107,160
107,161
107,162
107,164
107,167
107,169
107,174
107,177
107,181
107,182
107,188
107,189
107,190
107,195
107,200
107,205
107,208
107,209
107,220
107,227
107,228
107,233
107,234
107,239
107,242
107,244
107,247
107,252
107,254
107,255
107,257
107,259
107,264
107,269
107,270
107,272
107,275
107,283
107,286
107,288
107,293
107,310
107,317
107,320
107,325
107,328
107,339
107,340
107,342
107,346
107,354
107,355
107,373
108,117
108,118
108,144
108,160
108,385
109,113
109,119
109,122
109,127
109,140
109,142
109,146
109,153
109,154
109,159
109,173
109,179
109,183
109,186
109,191
109,202
109,209
109,212
109,218
109,225
109,227
109,231
109,232
109,236
109,237
109,241
109,242
109,251
109,252
109,255
109,265
109,267
109,274
109,275
109,276
109,278
109,280
109,301
109,315
109,317
109,318
109,324
109,326
109,327
109,329
109,341
109,342
109,363
109,368
109,374
109,393
109,394
109,398
110,112
110,114
110,120
110,121
110,125
110,127
110,129
110,135
110,137
110,146
110,157
110,170
110,177
110,178
110,182
110,187
110,191
110,195
110,215
110,220
110,224
110,227
110,229
110,231
110,236
110,241
110,245
110,246
110,247
110,255
110,257
110,260
110,262
110,267
110,271
110,272
110,280
110,283
110,291
110,293
110,305
110,308
110,316
110,320
110,327
110,331
110,333
110,335
110,337
110,339
110,345
110,347
110,351
110,353
110,357
110,362
110,364
110,371
110,372
110,387
110,400
111,114
111,116
111,121
111,126
111,129
111,130
111,131
111,145
111,152
111,158
111,167
111,188
111,198
111,207
111,209
111,222
111,228
111,238
111,240
111,242
111,264
111,280
111,285
111,287
111,306
111,311
111,317
111,322
111,323
111,329
111,333
111,338
111,347
111,348
111,355
111,356
111,364
111,366
111,370
111,377
111,379
111,381
111,389
111,393
111,402
111,403
112,121
112,123
112,139
112,147
112,154
112,164
112,171
112,174
112,178
112,196
112,203
112,212
112,220
112,221
112,236
112,262
112,267
112,271
112,278
112,280
112,286
112,291
112,323
112,338
112,357
113,140
113,153
113,154
113,188
113,200
113,208
113,225
113,227
113,231
113,246
113,275
113,326
113,374
113,398
113,403
114,117
114,121
114,123
114,126
114,130
114,131
114,132
114,136
114,137
114,138
114,143
114,144
114,145
114,146
114,156
114,158
114,163
114,164
114,167
114,171
114,173
114,174
114,177
114,179
114,180
114,182
114,191
114,197
114,200
114,206
114,208
114,209
114,222
114,223
114,228
114,231
114,232
114,234
114,241
114,247
114,254
114,256
114,260
114,264
114,267
114,272
114,275
114,282
114,284
114,290
114,303
114,310
114,317
114,318
114,320
114,323
114,324
114,332
114,333
114,335
114,339
114,340
114,341
114,344
114,347
114,350
114,356
114,357
114,364
114,370
114,371
114,373
114,394
114,399
114,402
115,118
115,129
115,136
115,146
115,173
115,204
115,208
115,217
115,233
115,254
115,264
115,347
115,348
115,357
115,364
115,366
115,373
115,397
116,126
116,127
116,128
116,136
116,137
116,139
116,143
116,144
116,155
116,166
116,167
116,171
116,189
116,198
116,208
116,225
116,231
116,234
116,239
116,241
116,242
116,244
116,246
116,247
116,254
116,256
116,260
116,262
116,263
116,264
116,265
116,271
116,280
116,289
116,305
116,320
116,323
116,326
116,329
116,332
116,334
116,340
116,341
116,342
116,352
116,354
116,361
116,365
116,370
116,373
116,377
116,389
116,394
116,399
116,400
117,118
117,136
117,153
117,160
117,164
117,203
117,228
117,244
117,271
117,285
117,317
117,381
117,384
117,388
118,150
118,160
118,161
118,169
118,222
118,239
118,254
118,289
118,318
118,336
118,348
118,357
118,398
119,122
119,127
119,131
119,137
119,138
119,150
119,153
119,156
119,158
119,166
119,167
119,176
119,188
119,200
119,209
119,241
119,264
119,269
119,280
119,283
119,288
119,305
119,326
119,331
119,336
119,348
119,356
119,366
119,371
119,399
120,137
120,139
120,157
120,158
120,169
120,208
120,211
120,224
120,231
120,240
120,242
120,252
120,254
120,273
120,287
120,290
120,303
120,304
120,317
120,331
120,333
120,337
120,364
120,403
121,123
121,125
121,126
121,127
121,131
121,136
121,137
121,139
121,141
121,145
121,147
121,153
121,157
121,163
121,164
121,167
121,169
121,170
121,176
121,178
121,181
121,182
121,187
121,198
121,205
121,217
121,220
121,222
121,228
121,229
121,232
121,234
121,235
121,236
121,237
121,239
121,242
121,247
121,262
121,264
121,267
121,268
121,272
121,274
121,278
121,282
121,284
121,285
121,286
121,302
121,306
121,308
121,310
121,320
121,326
121,335
121,340
121,341
121,347
121,358
121,360
121,362
121,363
121,364
121,366
121,370
121,371
121,375
121,381
121,384
121,389
121,399
122,126
122,127
122,131
122,135
122,136
122,137
122,138
122,143
122,144
122,146
122,147
122,150
122,152
122,154
122,159
122,164
122,167
122,168
122,170
122,177
122,180
122,182
122,189
122,194
122,202
122,208
122,210
122,211
122,217
122,219
122,222
122,223
122,228
122,231
122,235
122,237
122,239
122,240
122,244
122,247
122,250
122,253
122,255
122,260
122,261
122,267
122,287
122,288
122,289
122,290
122,301
122,306
122,310
122,312
122,318
122,319
122,326
122,329
122,333
122,334
122,335
122,338
122,347
122,353
122,356
122,369
122,376
122,377
122,385
122,389
122,390
122,399
122,401
123,169
123,225
123,249
123,254
123,280
123,286
123,326
123,340
123,379
123,389
123,402
124,176
124,200
124,228
124,231
124,240
124,311
125,136
125,139
125,153
125,155
125,157
125,167
125,181
125,188
125,209
125,242
125,253
125,255
125,256
125,262
125,280
125,298
125,309
125,328
125,341
125,347
125,376
125,382
125,387
125,395
125,400
125,401
126,128
126,129
126,131
126,135
126,138
126,139
126,143
126,144
126,145
126,150
126,152
126,153
126,167
126,171
126,173
126,177
126,181
126,182
126,189
126,200
126,204
126,208
126,215
126,218
126,222
126,228
126,231
126,235
126,240
126,242
126,244
126,245
126,250
126,255
126,256
126,262
126,271
126,280
126,285
126,286
126,289
126,290
126,301
126,303
126,310
126,311
126,314
126,316
126,317
126,324
126,326
126,331
126,336
126,338
126,351
126,357
126,361
126,364
126,366
126,373
126,374
126,379
126,390
126,399
126,400
126,402
127,145
127,146
127,150
127,152
127,153
127,156
127,157
127,170
127,171
127,174
127,209
127,222
127,223
127,231
127,236
127,237
127,244
127,268
127,371
127,389
128,130
128,131
128,139
128,143
128,152
128,166
128,167
128,178
128,200
128,210
128,239
128,247
128,248
128,255
128,262
128,264
128,272
128,279
128,280
128,340
128,370
128,388
128,399
129,137
129,141
129,146
129,157
129,158
129,165
129,170
129,174
129,176
129,189
129,193
129,212
129,225
129,241
129,246
129,250
129,262
129,268
129,289
129,291
129,326
129,356
129,366
129,371
129,393
130,149
130,152
130,154
130,161
130,166
130,182
130,187
130,199
130,217
130,228
130,239
130,241
130,247
130,249
130,259
130,264
130,267
130,273
130,283
130,289
130,301
130,303
130,309
130,314
130,317
130,323
130,326
130,328
130,329
130,331
130,335
130,346
130,356
130,362
130,369
130,370
130,388
130,398
130,400
130,401
130,403
131,136
131,138
131,144
131,146
131,150
131,153
131,157
131,158
131,167
131,174
131,175
131,182
131,189
131,200
131,201
131,228
131,244
131,250
131,252
131,262
131,264
131,267
131,278
131,281
131,285
131,288
131,295
131,298
131,305
131,323
131,326
131,335
131,336
131,347
131,359
131,361
131,371
131,374
131,384
131,390
131,392
132,145
132,176
132,189
132,194
132,211
132,223
132,231
132,237
132,245
132,254
132,260
132,272
132,280
132,282
132,284
132,288
132,301
132,306
132,340
132,369
132,387
132,389
133,141
133,153
133,157
133,174
133,224
133,231
133,232
133,272
133,274
133,284
133,317
133,333
133,357
133,359
134,153
134,166
134,167
134,200
134,244
134,305
134,342
134,354
134,360
134,366
134,370
134,392
135,146
135,158
135,166
135,167
135,195
135,211
135,225
135,231
135,253
135,254
135,256
135,259
135,296
135,305
135,347
135,362
135,376
135,381
135,399
136,139
136,144
136,145
136,146
136,150
136,153
136,154
136,156
136,164
136,167
136,171
136,178
136,179
136,180
136,182
136,188
136,200
136,204
136,220
136,222
136,231
136,234
136,235
136,239
136,241
136,242
136,246
136,248
136,255
136,260
136,262
136,265
136,267
136,278
136,280
136,282
136,289
136,290
136,291
136,302
136,306
136,313
136,323
136,326
136,328
136,329
136,340
136,347
136,360
136,362
136,363
136,367
136,370
136,371
136,373
136,378
136,379
136,389
136,398
136,399
136,400
136,401
137,147
137,152
137,157
137,164
137,176
137,189
137,200
137,206
137,208
137,212
137,220
137,224
137,227
137,228
137,231
137,267
137,270
137,272
137,280
137,290
137,296
137,317
137,320
137,326
137,331
137,335
137,356
137,368
137,371
137,387
137,392
137,403
138,145
138,156
138,164
138,176
138,182
138,187
138,190
138,198
138,206
138,211
138,214
138,225
138,242
138,250
138,251
138,262
138,268
138,272
138,280
138,281
138,288
138,290
138,303
138,331
138,338
138,340
138,361
138,362
138,367
138,371
138,385
138,389
139,146
139,147
139,152
139,153
139,154
139,156
139,157
139,169
139,170
139,171
139,176
139,178
139,184
139,189
139,197
139,200
139,201
139,203
139,211
139,216
139,220
139,231
139,234
139,239
139,246
139,247
139,252
139,261
139,263
139,265
139,267
139,268
139,271
139,280
139,291
139,304
139,311
139,317
139,326
139,331
139,340
139,347
139,351
139,357
139,361
139,369
139,371
139,386
139,388
139,400
140,153
140,154
140,200
140,232
140,252
140,278
140,285
140,301
140,306
140,317
140,326
140,331
140,364
140,366
140,368
140,369
140,374
140,378
140,390
140,392
140,398
141,153
141,164
141,167
141,224
141,232
141,242
141,244
141,251
141,264
141,271
141,272
141,284
141,285
141,290
141,331
141,333
141,340
141,363
141,368
142,185
142,277
142,283
142,289
142,340
142,343
142,344
143,144
143,152
143,158
143,161
143,167
143,178
143,181
143,193
143,208
143,215
143,224
143,231
143,240
143,242
143,254
143,256
143,262
143,290
143,293
143,302
143,306
143,317
143,321
143,331
143,357
143,367
143,369
143,371
143,373
143,380
143,398
143,400
144,147
144,150
144,155
144,156
144,161
144,162
144,174
144,177
144,181
144,182
144,187
144,189
144,195
144,202
144,208
144,211
144,214
144,217
144,222
144,228
144,231
144,235
144,239
144,247
144,250
144,255
144,260
144,261
144,267
144,272
144,280
144,282
144,285
144,287
144,289
144,301
144,306
144,318
144,320
144,323
144,326
144,330
144,331
144,335
144,336
144,340
144,344
144,353
144,356
144,357
144,361
144,369
144,377
144,386
144,390
144,393
144,399
144,402
145,146
145,147
145,157
145,158
145,164
145,167
145,172
145,174
145,177
145,182
145,187
145,193
145,194
145,209
145,223
145,228
145,231
145,232
145,234
145,240
145,256
145,262
145,264
145,267
145,272
145,283
145,301
145,309
145,311
145,316
145,322
145,324
145,331
145,332
145,333
145,339
145,340
145,347
145,348
145,351
145,352
145,357
145,360
145,368
145,373
145,374
145,378
145,386
145,390
145,391
145,395
145,397
145,402
146,147
146,154
146,158
146,160
146,162
146,164
146,167
146,168
146,174
146,178
146,182
146,187
146,189
146,195
146,198
146,211
146,222
146,228
146,231
146,235
146,239
146,240
146,243
146,247
146,250
146,253
146,254
146,255
146,256
146,262
146,264
146,268
146,270
146,272
146,274
146,290
146,301
146,303
146,310
146,331
146,336
146,340
146,346
146,348
146,362
146,364
146,367
146,369
146,371
146,377
146,389
146,390
146,395
146,397
146,399
147,152
147,153
147,157
147,167
147,170
147,172
147,176
147,190
147,204
147,220
147,222
147,228
147,235
147,242
147,244
147,260
147,262
147,264
147,273
147,283
147,284
147,285
147,286
147,292
147,298
147,301
147,302
147,304
147,308
147,318
147,326
147,336
147,339
147,340
147,341
147,343
147,354
147,359
147,360
147,361
147,364
147,366
147,374
147,388
147,403
148,237
149,153
149,199
149,200
149,222
149,228
149,229
149,244
149,267
149,285
149,304
149,317
149,320
149,339
149,344
149,351
149,367
149,370
150,152
150,162
150,164
150,166
150,167
150,170
150,171
150,177
150,178
150,187
150,198
150,222
150,241
150,254
150,255
150,281
150,289
150,290
150,291
150,296
150,306
150,331
150,337
150,346
150,348
150,363
150,369
150,387
150,393
150,399
151,164
151,170
151,220
151,222
151,223
151,241
151,242
151,271
151,285
151,347
152,154
152,157
152,165
152,167
152,170
152,174
152,176
152,182
152,189
152,194
152,199
152,200
152,204
152,205
152,207
152,208
152,211
152,212
152,214
152,215
152,216
152,218
152,220
152,228
152,231
152,234
152,237
152,240
152,241
152,242
152,243
152,244
152,245
152,250
152,252
152,253
152,255
152,256
152,258
152,267
152,268
152,273
152,285
152,288
152,290
152,298
152,315
152,318
152,319
152,322
152,323
152,326
152,331
152,333
152,336
152,338
152,339
152,340
152,356
152,360
152,361
152,369
152,374
152,378
152,397
152,399
152,403
153,154
153,158
153,163
153,167
153,170
153,171
153,176
153,177
153,179
153,184
153,186
153,187
153,188
153,190
153,191
153,194
153,195
153,197
153,198
153,200
153,202
153,203
153,204
153,207
153,208
153,209
153,211
153,215
153,218
153,219
153,222
153,224
153,225
153,227
153,231
153,232
153,235
153,237
153,239
153,241
153,242
153,247
153,249
153,251
153,252
153,254
153,256
153,257
153,263
153,264
153,267
153,270
153,272
153,273
153,275
153,276
153,278
153,280
153,282
153,284
153,285
153,287
153,288
153,290
153,291
153,292
153,293
153,294
153,296
153,297
153,301
153,302
153,305
153,308
153,309
153,311
153,317
153,319
153,320
153,322
153,323
153,324
153,326
153,329
153,331
153,332
153,335
153,336
153,337
153,338
153,339
153,343
153,346
153,347
153,349
153,352
153,364
153,366
153,368
153,371
153,373
153,374
153,376
153,378
153,379
153,382
153,388
153,390
153,392
153,396
153,397
153,402
153,403
154,157
154,173
154,174
154,176
154,191
154,196
154,200
154,204
154,208
154,211
154,212
154,218
154,225
154,227
154,228
154,232
154,236
154,258
154,275
154,277
154,278
154,303
154,310
154,315
154,317
154,318
154,323
154,324
154,326
154,331
154,341
154,344
154,353
154,356
154,363
154,368
154,372
154,374
154,378
154,383
154,390
154,394
154,398
154,399
154,403
155,158
155,162
155,170
155,177
155,178
155,198
155,232
155,234
155,235
155,239
155,261
155,262
155,280
155,283
155,292
155,303
155,326
155,329
155,331
155,340
155,370
155,377
155,390
155,399
156,157
156,164
156,167
156,169
156,179
156,186
156,187
156,194
156,198
156,207
156,220
156,223
156,231
156,239
156,241
156,243
156,259
156,260
156,262
156,267
156,271
156,273
156,276
156,296
156,303
156,310
156,316
156,318
156,323
156,326
156,328
156,337
156,339
156,343
156,344
156,359
156,368
156,371
156,373
156,374
156,375
156,379
156,380
156,390
157,164
157,167
157,170
157,176
157,177
157,178
157,182
157,189
157,195
157,209
157,211
157,213
157,224
157,225
157,228
157,231
157,232
157,236
157,241
157,242
157,244
157,254
157,262
157,266
157,267
157,268
157,272
157,275
157,280
157,284
157,285
157,296
157,298
157,302
157,305
157,308
157,310
157,318
157,326
157,331
157,332
157,340
157,343
157,348
157,357
157,359
157,361
157,364
157,367
157,380
157,389
157,392
157,399
158,166
158,167
158,182
158,187
158,195
158,200
158,203
158,207
158,208
158,241
158,252
158,255
158,257
158,259
158,267
158,271
158,283
158,285
158,288
158,295
158,301
158,305
158,306
158,317
158,320
158,324
158,335
158,336
158,346
158,347
158,348
158,349
158,352
158,356
158,366
158,367
158,369
158,382
158,387
158,393
158,399
158,403
159,183
159,204
159,227
159,234
159,254
159,290
159,333
159,355
159,399
160,170
160,254
160,303
160,326
160,333
160,366
160,368
160,403
161,164
161,182
161,197
161,204
161,211
161,231
161,235
161,239
161,241
161,242
161,244
161,255
161,303
161,316
161,324
161,326
161,331
161,339
161,353
161,367
161,377
161,380
161,398
161,399
162,169
162,173
162,176
162,182
162,189
162,213
162,218
162,222
162,231
162,244
162,246
162,275
162,285
162,323
162,326
162,338
162,347
162,356
162,362
162,363
162,367
162,374
162,389
162,390
162,394
162,399
162,400
162,403
163,164
163,222
163,224
163,234
163,235
163,248
163,255
163,263
163,285
163,293
163,306
163,311
163,333
163,337
163,340
163,341
163,352
163,382
164,170
164,171
164,173
164,174
164,178
164,179
164,180
164,182
164,187
164,189
164,190
164,195
164,209
164,217
164,220
164,229
164,230
164,231
164,234
164,236
164,239
164,240
164,241
164,243
164,247
164,250
164,271
164,272
164,273
164,274
164,275
164,283
164,285
164,291
164,304
164,306
164,324
164,326
164,333
164,336
164,337
164,339
164,340
164,356
164,361
164,366
164,371
164,372
164,373
164,377
164,379
164,382
164,388
164,393
164,399
164,400
165,222
165,229
165,239
165,252
165,320
165,356
165,378
166,167
166,182
166,200
166,203
166,240
166,246
166,256
166,259
166,267
166,277
166,285
166,288
166,310
166,314
166,324
166,326
166,331
166,346
166,356
166,358
166,361
166,371
166,373
166,380
166,387
166,398
166,399
167,171
167,175
167,176
167,181
167,187
167,188
167,198
167,202
167,208
167,209
167,210
167,211
167,215
167,220
167,221
167,223
167,228
167,231
167,235
167,239
167,242
167,244
167,247
167,255
167,259
167,262
167,264
167,267
167,272
167,273
167,282
167,284
167,285
167,287
167,288
167,290
167,296
167,301
167,303
167,310
167,315
167,319
167,320
167,324
167,329
167,333
167,336
167,337
167,338
167,339
167,342
167,347
167,350
167,361
167,370
167,371
167,375
167,377
167,379
167,382
167,389
167,390
167,392
167,395
167,398
167,399
167,400
167,402
167,403
169,170
169,179
169,187
169,217
169,219
169,222
169,225
169,241
169,242
169,244
169,254
169,275
169,285
169,291
169,329
169,347
169,353
169,356
169,357
169,358
169,376
169,389
169,390
169,399
170,173
170,174
170,177
170,205
170,220
170,229
170,236
170,244
170,253
170,255
170,260
170,262
170,268
170,272
170,280
170,287
170,288
170,289
170,320
170,331
170,333
170,335
170,338
170,339
170,356
170,360
170,363
170,385
170,390
170,396
170,403
171,179
171,196
171,224
171,231
171,246
171,247
171,253
171,254
171,268
171,271
171,289
171,303
171,312
171,317
171,333
171,336
171,337
171,347
171,352
171,356
171,360
171,364
171,369
171,370
171,373
171,377
171,382
171,389
171,403
172,240
172,316
172,332
172,333
172,378
173,177
173,182
173,200
173,204
173,217
173,222
173,227
173,231
173,244
173,249
173,252
173,261
173,262
173,274
173,324
173,326
173,332
173,351
173,353
173,360
173,366
173,371
173,379
173,399
173,402
174,178
174,195
174,197
174,208
174,209
174,217
174,224
174,228
174,231
174,236
174,247
174,253
174,254
174,256
174,262
174,267
174,268
174,280
174,288
174,290
174,292
174,318
174,326
174,333
174,336
174,340
174,347
174,348
174,356
174,358
174,359
174,374
174,385
174,389
174,392
174,399
175,187
175,254
175,276
175,343
175,347
176,196
176,200
176,205
176,212
176,220
176,223
176,228
176,231
176,234
176,242
176,250
176,251
176,258
176,267
176,273
176,275
176,280
176,281
176,285
176,286
176,290
176,298
176,302
176,305
176,317
176,324
176,326
176,333
176,336
176,344
176,346
176,347
176,350
176,356
176,360
176,362
176,364
176,366
176,367
176,370
176,381
176,389
176,393
176,403
177,188
177,232
177,242
177,254
177,263
177,310
177,377
177,390
177,398
177,399
177,402
178,189
178,194
178,203
178,220
178,223
178,245
178,246
178,247
178,248
178,262
178,267
178,268
178,279
178,280
178,303
178,305
178,324
178,331
178,332
178,338
178,347
178,353
178,357
178,359
178,389
178,400
178,401
179,186
179,194
179,198
179,222
179,231
179,262
179,269
179,271
179,280
179,289
179,326
179,375
179,379
179,380
180,227
180,228
180,290
181,223
181,254
181,261
181,264
181,311
181,317
181,331
181,343
181,353
181,364
181,399
182,187
182,193
182,200
182,208
182,210
182,211
182,215
182,220
182,228
182,231
182,239
182,242
182,244
182,247
182,253
182,255
182,256
182,262
182,264
182,265
182,267
182,270
182,271
182,273
182,285
182,287
182,289
182,290
182,293
182,316
182,317
182,323
182,324
182,326
182,332
182,336
182,347
182,355
182,360
182,364
182,370
182,371
182,373
182,379
182,380
182,383
182,397
182,399
183,224
183,227
183,278
183,290
183,355
183,399
184,187
184,239
184,247
184,252
184,255
184,267
184,283
184,306
184,316
184,326
184,369
184,377
184,378
184,387
184,390
184,398
184,400
185,225
185,249
185,340
186,228
186,256
186,275
186,311
186,344
186,368
186,371
187,188
187,200
187,202
187,208
187,210
187,217
187,220
187,234
187,236
187,239
187,242
187,243
187,247
187,249
187,252
187,253
187,264
187,270
187,274
187,282
187,283
187,288
187,289
187,291
187,304
187,306
187,318
187,333
187,335
187,337
187,340
187,342
187,346
187,347
187,348
187,356
187,362
187,369
187,372
187,375
187,377
187,381
187,382
187,388
187,389
187,390
187,393
187,398
187,399
187,400
188,189
188,225
188,235
188,242
188,245
188,262
188,266
188,272
188,275
188,276
188,280
188,284
188,304
188,323
188,332
188,333
188,335
188,344
188,345
188,347
188,351
188,353
188,359
188,370
188,371
188,379
188,388
188,390
188,392
188,400
189,190
189,191
189,208
189,223
189,242
189,244
189,245
189,248
189,253
189,255
189,261
189,262
189,266
189,280
189,283
189,305
189,306
189,323
189,324
189,326
189,329
189,338
189,340
189,344
189,348
189,361
189,363
189,368
189,389
189,399
189,400
190,194
190,206
190,208
190,218
190,221
190,228
190,237
190,241
190,255
190,256
190,267
190,290
190,319
190,331
190,332
190,346
190,348
190,359
190,377
190,380
190,400
191,264
191,275
191,290
191,326
191,361
191,362
191,373
191,374
191,389
191,393
191,402
192,200
192,248
192,279
193,197
193,210
193,219
193,241
193,248
193,252
193,272
193,280
193,281
193,306
193,315
193,320
193,331
193,337
193,354
193,366
193,369
193,373
193,382
193,390
193,392
194,197
194,216
194,223
194,225
194,227
194,229
194,231
194,237
194,246
194,262
194,265
194,271
194,276
194,284
194,306
194,310
194,323
194,332
194,340
194,369
194,374
194,376
194,378
194,399
195,200
195,208
195,209
195,220
195,225
195,232
195,240
195,262
195,265
195,272
195,290
195,293
195,305
195,317
195,340
195,347
195,364
195,371
195,373
195,379
195,385
195,389
195,390
195,396
195,397
196,200
196,212
196,269
196,281
196,326
197,219
197,235
197,244
197,256
197,268
197,271
197,273
197,284
197,321
197,326
197,340
197,367
197,373
197,377
197,378
197,386
197,387
198,200
198,217
198,220
198,231
198,247
198,250
198,259
198,265
198,270
198,280
198,288
198,304
198,318
198,323
198,330
198,331
198,340
198,347
198,352
198,364
198,388
198,402
199,202
199,287
199,317
199,335
199,337
199,361
199,398
200,201
200,203
200,205
200,207
200,212
200,214
200,220
200,222
200,225
200,226
200,227
200,228
200,231
200,234
200,235
200,236
200,237
200,238
200,240
200,244
200,246
200,247
200,248
200,250
200,253
200,254
200,255
200,257
200,258
200,260
200,262
200,264
200,267
200,269
200,270
200,273
200,274
200,276
200,278
200,279
200,280
200,281
200,282
200,285
200,286
200,288
200,290
200,292
200,294
200,299
200,300
200,301
200,302
200,303
200,305
200,306
200,309
200,310
200,315
200,316
200,318
200,319
200,320
200,322
200,323
200,326
200,329
200,331
200,333
200,338
200,339
200,340
200,343
200,344
200,349
200,350
200,351
200,352
200,354
200,355
200,357
200,358
200,360
200,365
200,366
200,367
200,368
200,369
200,370
200,374
200,375
200,376
200,379
200,380
200,386
200,388
200,390
200,394
200,398
200,403
201,215
201,226
201,228
201,251
201,255
201,280
201,326
201,333
201,336
201,390
201,398
202,211
202,225
202,228
202,231
202,246
202,285
202,287
202,304
202,323
202,336
202,347
202,371
202,374
203,224
203,244
203,262
203,280
203,301
203,333
203,349
203,381
203,384
204,206
204,216
204,217
204,228
204,231
204,232
204,237
204,241
204,247
204,255
204,260
204,276
204,296
204,301
204,319
204,326
204,338
204,339
204,344
204,371
204,377
204,384
204,399
205,228
205,231
205,232
205,234
205,239
205,247
205,254
205,262
205,278
205,285
205,318
205,320
205,335
205,340
205,382
205,403
206,228
206,251
206,266
206,270
206,323
206,336
206,344
206,347
206,381
207,231
207,262
207,292
207,301
207,310
207,322
207,337
207,343
207,348
207,366
207,371
207,373
207,382
208,213
208,225
208,228
208,234
208,239
208,242
208,246
208,247
208,252
208,256
208,261
208,262
208,264
208,265
208,273
208,280
208,282
208,289
208,291
208,305
208,315
208,317
208,324
208,331
208,333
208,339
208,344
208,360
208,361
208,362
208,363
208,368
208,371
208,373
208,374
208,375
208,378
208,379
208,392
208,402
209,220
209,221
209,222
209,231
209,242
209,252
209,267
209,268
209,293
209,300
209,317
209,326
209,331
209,344
209,347
209,348
209,377
209,393
210,222
210,231
210,242
210,244
210,264
210,267
210,272
210,285
210,290
210,347
210,353
210,369
211,221
211,234
211,246
211,250
211,252
211,256
211,265
211,272
211,273
211,276
211,280
211,285
211,289
211,290
211,301
211,302
211,312
211,315
211,320
211,336
211,337
211,340
211,342
211,343
211,347
211,352
211,353
211,355
211,362
211,373
211,376
211,379
211,388
211,389
211,392
211,399
211,400
212,269
212,281
212,326
213,219
213,224
213,273
213,322
213,333
213,336
213,341
213,387
213,393
213,399
214,228
214,231
214,238
214,250
214,273
214,326
214,333
214,362
214,389
214,391
214,396
215,221
215,222
215,224
215,226
215,228
215,240
215,242
215,244
215,259
215,260
215,267
215,273
215,285
215,317
215,323
215,324
215,326
215,335
215,347
215,350
215,366
215,384
215,390
215,399
216,220
216,228
216,237
216,246
216,255
216,256
216,340
216,362
216,373
216,375
216,378
216,399
217,220
217,224
217,231
217,236
217,239
217,247
217,256
217,259
217,262
217,263
217,270
217,280
217,283
217,286
217,308
217,326
217,352
217,353
217,360
217,364
217,371
217,373
217,380
217,393
218,228
218,231
218,239
218,243
218,247
218,265
218,285
218,323
218,326
218,336
218,374
218,378
218,382
218,399
219,271
219,273
219,285
219,310
219,336
219,346
219,347
219,352
220,222
220,231
220,235
220,239
220,241
220,246
220,248
220,250
220,256
220,262
220,267
220,270
220,272
220,275
220,280
220,285
220,288
220,293
220,296
220,304
220,318
220,324
220,331
220,336
220,337
220,338
220,339
220,340
220,344
220,358
220,371
220,383
220,400
220,401
221,222
221,227
221,228
221,231
221,242
221,252
221,265
221,271
221,285
221,342
221,347
221,377
221,380
221,384
221,397
222,223
222,224
222,227
222,228
222,229
222,232
222,239
222,241
222,242
222,244
222,245
222,246
222,247
222,248
222,249
222,250
222,252
222,254
222,255
222,256
222,260
222,261
222,262
222,268
222,272
222,280
222,282
222,283
222,284
222,286
222,290
222,301
222,310
222,312
222,319
222,320
222,325
222,329
222,331
222,333
222,335
222,337
222,338
222,339
222,340
222,341
222,354
222,355
222,357
222,359
222,365
222,366
222,367
222,370
222,371
222,372
222,373
222,381
222,382
222,386
222,387
222,389
222,393
222,398
222,400
223,237
223,240
223,254
223,256
223,262
223,268
223,282
223,288
223,306
223,320
223,323
223,324
223,325
223,326
223,333
223,340
223,348
223,350
223,356
223,357
223,368
223,369
223,370
223,387
223,389
223,400
224,228
224,232
224,236
224,239
224,251
224,261
224,263
224,267
224,272
224,280
224,283
224,284
224,285
224,290
224,320
224,333
224,336
224,337
224,341
224,342
224,343
224,364
224,366
224,378
225,227
225,247
225,262
225,277
225,288
225,289
225,319
225,324
225,326
225,331
225,361
225,368
225,374
225,398
226,228
226,231
226,237
227,233
227,234
227,244
227,245
227,256
227,262
227,264
227,272
227,284
227,303
227,317
227,319
227,326
227,334
227,348
227,352
227,364
227,368
227,374
227,378
227,389
227,390
227,398
227,399
227,403
228,230
228,231
228,234
228,235
228,239
228,242
228,243
228,244
228,247
228,250
228,254
228,255
228,258
228,259
228,261
228,267
228,278
228,280
228,282
228,285
228,287
228,288
228,298
228,305
228,310
228,318
228,326
228,329
228,335
228,336
228,337
228,346
228,347
228,359
228,361
228,362
228,364
228,366
228,367
228,370
228,372
228,375
228,379
228,381
228,382
228,389
228,390
228,392
228,393
229,237
229,267
229,271
229,289
229,320
229,364
230,240
230,243
230,264
230,323
230,336
230,337
230,382
230,388
230,399
231,234
231,235
231,236
231,237
231,239
231,241
231,242
231,246
231,247
231,248
231,250
231,253
231,255
231,260
231,261
231,262
231,264
231,267
231,271
231,273
231,275
231,276
231,280
231,284
231,287
231,289
231,290
231,291
231,296
231,303
231,306
231,310
231,311
231,312
231,315
231,319
231,320
231,323
231,329
231,331
231,333
231,337
231,339
231,340
231,345
231,352
231,354
231,356
231,362
231,363
231,364
231,368
231,369
231,370
231,371
231,372
231,373
231,374
231,375
231,377
231,378
231,379
231,380
231,381
231,382
231,383
231,385
231,389
231,390
231,392
231,399
231,400
231,401
232,234
232,252
232,272
232,281
232,284
232,289
232,311
232,312
232,314
232,315
232,319
232,321
232,326
232,332
232,333
232,340
232,348
232,351
232,359
232,364
232,368
232,374
232,391
232,397
232,403
233,256
233,283
233,295
233,318
233,382
233,387
234,254
234,257
234,262
234,267
234,272
234,273
234,278
234,280
234,285
234,290
234,300
234,310
234,311
234,320
234,326
234,329
234,330
234,331
234,333
234,335
234,337
234,340
234,341
234,348
234,351
234,353
234,369
234,370
234,371
234,378
234,382
235,237
235,240
235,245
235,247
235,254
235,255
235,258
235,272
235,273
235,280
235,301
235,305
235,329
235,333
235,347
235,350
235,362
235,364
235,370
235,372
235,379
235,381
235,389
236,255
236,259
236,262
236,278
236,280
236,290
236,291
236,326
236,331
236,360
236,362
236,389
237,241
237,246
237,262
237,265
237,276
237,305
237,310
237,318
237,323
237,332
237,343
237,360
237,377
237,378
237,399
237,402
238,250
238,387
239,240
239,244
239,245
239,247
239,248
239,252
239,255
239,256
239,259
239,262
239,265
239,267
239,270
239,273
239,276
239,280
239,282
239,283
239,287
239,304
239,306
239,308
239,312
239,314
239,317
239,324
239,326
239,332
239,339
239,340
239,342
239,346
239,347
239,353
239,356
239,367
239,370
239,373
239,377
239,386
239,389
239,390
239,402
240,244
240,247
240,260
240,272
240,276
240,282
240,289
240,290
240,303
240,308
240,312
240,327
240,329
240,339
240,356
240,364
240,368
240,370
240,372
240,383
240,385
240,399
241,247
241,256
241,260
241,264
241,267
241,276
241,277
241,283
241,288
241,290
241,298
241,304
241,326
241,329
241,331
241,335
241,341
241,348
241,356
241,361
241,366
241,369
241,370
241,373
241,382
241,399
242,244
242,245
242,246
242,252
242,255
242,261
242,262
242,263
242,267
242,268
242,272
242,273
242,275
242,280
242,284
242,288
242,289
242,326
242,331
242,333
242,335
242,338
242,339
242,341
242,344
242,347
242,354
242,362
242,366
242,367
242,369
242,370
242,373
242,377
242,378
242,379
242,380
242,381
242,387
242,388
242,391
242,395
242,399
242,400
242,402
243,256
243,306
243,318
243,323
243,333
243,335
243,337
243,338
243,359
243,369
243,382
243,399
243,400
243,402
244,247
244,248
244,250
244,255
244,267
244,271
244,282
244,284
244,290
244,292
244,309
244,317
244,333
244,336
244,337
244,339
244,347
244,348
244,351
244,353
244,360
244,361
244,367
244,373
244,374
244,375
244,381
244,382
244,384
244,385
244,389
244,395
244,399
245,246
245,255
245,262
245,273
245,280
245,290
245,305
245,306
245,319
245,323
245,326
245,335
245,353
245,361
245,368
245,370
245,376
245,399
245,400
246,248
246,271
246,276
246,280
246,284
246,288
246,293
246,304
246,314
246,331
246,333
246,346
246,347
246,351
246,364
246,375
246,382
246,386
246,388
246,400
247,255
247,256
247,268
247,272
247,273
247,280
247,282
247,283
247,285
247,287
247,288
247,289
247,290
247,291
247,303
247,308
247,312
247,317
247,324
247,329
247,334
247,335
247,336
247,339
247,340
247,342
247,347
247,352
247,356
247,361
247,370
247,373
247,388
247,389
247,390
247,398
247,400
247,402
248,255
248,262
248,279
248,280
248,292
248,301
248,302
248,303
248,304
248,315
248,317
248,333
248,340
248,341
248,347
248,366
248,367
248,371
248,385
248,390
249,264
249,286
249,340
249,373
249,379
249,387
250,255
250,262
250,267
250,280
250,306
250,311
250,323
250,326
250,332
250,337
250,339
250,340
250,347
250,353
250,362
250,367
250,371
250,374
250,379
250,386
250,389
250,399
251,266
251,272
251,274
251,284
251,285
251,347
251,353
251,366
251,377
251,390
252,264
252,277
252,281
252,311
252,316
252,324
252,326
252,341
252,346
252,347
252,356
252,371
252,388
252,403
253,255
253,256
253,258
253,267
253,274
253,286
253,301
253,308
253,311
253,318
253,352
253,360
253,366
253,386
253,398
254,260
254,264
254,267
254,269
254,288
254,289
254,290
254,292
254,299
254,305
254,317
254,339
254,340
254,341
254,343
254,348
254,355
254,356
254,361
254,381
254,385
254,390
255,256
255,260
255,261
255,262
255,268
255,272
255,273
255,274
255,285
255,290
255,293
255,306
255,309
255,312
255,315
255,317
255,318
255,320
255,323
255,329
255,330
255,333
255,338
255,340
255,346
255,347
255,361
255,362
255,370
255,376
255,382
255,383
255,387
255,388
255,389
255,400
256,261
256,265
256,271
256,273
256,276
256,286
256,288
256,292
256,319
256,320
256,322
256,323
256,334
256,337
256,340
256,342
256,343
256,346
256,352
256,360
256,364
256,373
256,376
256,383
256,389
256,397
256,400
257,286
257,291
257,292
257,301
257,309
257,320
257,325
257,326
257,365
257,366
257,387
258,264
258,299
258,333
258,336
258,347
258,382
258,384
258,399
259,262
259,265
259,270
259,272
259,283
259,288
259,291
259,298
259,303
259,318
259,331
259,332
259,347
259,353
259,356
259,387
259,400
260,269
260,272
260,280
260,293
260,296
260,304
260,316
260,323
260,326
260,339
260,366
260,374
260,377
260,399
261,272
261,273
261,286
261,290
261,292
261,308
261,333
261,340
261,347
261,374
261,378
261,383
261,390
261,399
262,270
262,272
262,274
262,280
262,283
262,286
262,288
262,291
262,303
262,304
262,314
262,318
262,320
262,324
262,328
262,329
262,331
262,332
262,333
262,335
262,340
262,345
262,347
262,351
262,359
262,362
262,366
262,370
262,371
262,372
262,377
262,382
262,388
262,389
262,390
262,391
262,395
262,396
262,397
262,399
263,273
263,274
263,280
263,346
263,373
263,398
264,271
264,272
264,275
264,285
264,296
264,301
264,303
264,306
264,310
264,311
264,315
264,320
264,323
264,329
264,332
264,333
264,335
264,336
264,341
264,346
264,347
264,353
264,354
264,355
264,356
264,359
264,370
264,371
264,377
264,379
264,392
264,399
265,270
265,272
265,280
265,281
265,284
265,318
265,320
265,331
265,334
265,340
265,346
265,373
265,379
265,390
265,400
267,280
267,290
267,310
267,326
267,331
267,335
267,340
267,344
267,347
267,348
267,351
267,361
267,386
267,390
267,393
267,397
267,398
268,288
268,302
268,311
268,316
268,353
268,356
268,370
269,281
269,317
269,339
269,347
269,386
270,291
270,318
270,331
270,337
270,339
270,347
270,356
270,393
271,272
271,276
271,280
271,283
271,284
271,303
271,316
271,323
271,324
271,326
271,334
271,340
271,344
271,358
271,367
271,373
271,375
271,378
271,386
271,387
271,392
271,399
271,400
272,273
272,276
272,284
272,285
272,289
272,292
272,299
272,303
272,310
272,324
272,331
272,333
272,336
272,339
272,340
272,348
272,363
272,366
272,368
272,383
272,389
272,392
272,393
272,395
272,398
272,399
272,402
272,403
273,284
273,285
273,288
273,302
273,303
273,310
273,322
273,324
273,326
273,331
273,336
273,340
273,343
273,373
273,381
273,387
273,392
273,393
274,292
274,301
274,308
274,311
274,318
274,319
274,342
274,352
274,354
274,358
274,366
274,374
275,288
275,313
275,326
275,374
275,385
275,399
276,280
276,283
276,284
276,326
276,340
276,341
276,347
276,360
276,367
276,388
276,392
276,400
277,283
277,340
277,343
277,344
278,280
278,326
278,347
278,348
278,362
278,374
279,280
279,292
279,301
279,302
279,340
279,366
280,282
280,284
280,287
280,288
280,289
280,290
280,293
280,303
280,304
280,305
280,306
280,310
280,311
280,312
280,318
280,323
280,326
280,331
280,336
280,337
280,339
280,340
280,342
280,344
280,351
280,352
280,353
280,356
280,357
280,363
280,367
280,371
280,392
280,399
281,298
282,283
282,289
282,310
282,333
282,336
282,339
282,340
282,342
282,347
282,356
283,295
283,296
283,306
283,332
283,337
283,359
283,361
283,362
283,366
283,373
283,377
283,378
283,382
283,389
284,285
284,333
284,339
284,348
284,356
284,359
284,363
284,366
284,368
284,374
284,375
284,377
285,287
285,288
285,293
285,296
285,302
285,303
285,305
285,310
285,315
285,318
285,335
285,336
285,337
285,346
285,347
285,366
285,370
285,375
285,379
285,381
285,382
285,390
285,392
285,403
286,290
286,301
286,318
286,320
286,322
286,328
286,340
286,365
286,380
287,323
287,326
287,327
287,336
287,339
287,347
287,356
287,371
287,374
287,379
288,289
288,291
288,302
288,303
288,305
288,306
288,317
288,318
288,323
288,336
288,338
288,346
288,360
288,369
288,395
288,399
289,302
289,303
289,304
289,306
289,319
289,343
289,344
289,357
289,369
289,389
289,393
289,399
289,400
289,402
290,302
290,311
290,315
290,317
290,320
290,333
290,336
290,343
290,352
290,356
290,359
290,361
290,362
290,364
290,365
290,366
290,387
290,389
290,398
291,305
291,320
291,328
291,331
291,333
291,339
291,393
292,296
292,301
292,302
292,305
292,343
292,359
292,372
292,373
292,382
292,384
293,317
293,320
293,333
293,339
293,346
293,353
293,366
293,379
293,382
293,389
293,395
294,402
295,335
295,384
295,399
296,305
296,311
296,318
296,323
296,326
296,332
296,333
296,359
296,384
298,302
298,305
298,336
298,374
299,339
299,390
300,318
300,320
301,303
301,305
301,322
301,323
301,326
301,358
301,365
301,366
301,371
301,394
301,402
302,340
302,343
302,353
302,364
303,312
303,315
303,317
303,323
303,326
303,327
303,332
303,338
303,339
303,344
303,347
303,348
303,363
303,373
303,383
303,389
303,390
303,394
303,396
303,399
303,403
304,309
304,314
304,315
304,328
304,351
304,361
304,372
304,391
304,395
305,326
305,336
305,359
305,366
305,384
305,389
306,310
306,314
306,337
306,352
306,353
306,357
306,369
306,370
306,371
306,389
306,401
308,311
308,318
308,326
308,346
308,364
309,320
309,325
309,331
309,335
309,347
309,365
309,380
310,322
310,326
310,331
310,333
310,336
310,339
310,342
310,347
310,348
310,350
310,354
310,360
310,362
310,369
310,373
310,378
310,382
310,387
310,389
310,392
311,320
311,337
311,346
311,347
311,350
311,352
311,364
311,373
311,382
311,395
311,402
312,331
312,364
312,383
312,397
313,326
313,333
313,368
314,326
314,328
314,331
314,337
314,351
314,355
314,372
314,385
314,391
314,395
315,317
315,318
315,326
315,336
315,337
315,341
315,374
315,382
316,332
316,337
316,361
316,373
317,320
317,329
317,340
317,341
317,346
317,362
317,370
317,378
317,385
317,389
317,394
317,403
318,323
318,326
318,331
318,341
318,344
318,347
318,356
318,360
318,361
318,374
318,382
318,392
318,402
319,347
319,357
319,364
320,325
320,326
320,333
320,334
320,339
320,346
320,353
320,357
320,358
320,365
320,366
320,367
320,371
320,376
320,397
320,402
321,323
322,348
322,357
322,370
322,373
323,326
323,339
323,343
323,353
323,361
323,378
323,390
323,392
323,399
323,400
324,326
324,330
324,337
324,348
324,360
324,363
324,374
324,379
324,382
325,365
326,327
326,330
326,331
326,333
326,341
326,344
326,347
326,350
326,357
326,359
326,360
326,361
326,362
326,364
326,365
326,368
326,370
326,371
326,372
326,374
326,378
326,379
326,380
326,384
326,386
326,389
326,390
326,392
326,394
326,398
326,400
326,403
327,344
327,356
327,390
328,351
328,372
328,391
328,395
329,333
329,340
329,345
329,347
329,352
329,356
329,358
329,364
329,370
329,379
329,389
329,397
329,398
329,400
330,337
331,337
331,340
331,342
331,347
331,348
331,354
331,356
331,360
331,371
331,386
331,388
331,396
332,351
332,364
332,384
333,336
333,340
333,345
333,347
333,348
333,356
333,359
333,360
333,361
333,362
333,370
333,371
333,377
333,378
333,382
333,389
333,390
333,394
333,398
333,403
334,340
334,351
334,366
334,373
334,378
334,400
335,337
335,339
335,341
335,355
335,356
335,382
335,390
335,394
336,337
336,345
336,347
336,370
336,375
336,379
336,382
336,389
336,390
336,392
336,393
336,398
336,399
337,339
337,341
337,346
337,347
337,360
337,367
337,369
337,373
337,382
337,398
337,400
338,344
338,347
338,348
338,361
338,371
338,372
338,382
338,399
339,347
339,348
339,373
339,377
339,382
339,387
339,395
340,348
340,356
340,360
340,363
340,370
340,377
340,378
340,385
340,387
340,390
340,399
340,400
341,352
341,356
341,371
341,374
341,382
341,386
341,387
341,393
341,403
342,347
342,354
342,389
343,355
343,359
344,353
344,363
344,368
344,377
344,394
344,398
345,360
345,370
345,371
345,387
346,356
346,402
347,348
347,354
347,355
347,358
347,359
347,361
347,370
347,371
347,375
347,382
347,388
347,390
347,392
347,398
347,399
347,400
347,402
348,357
348,360
348,368
348,373
348,374
348,378
348,382
348,387
348,397
348,402
350,371
350,391
350,395
351,372
351,385
351,391
351,395
352,361
352,364
352,366
352,370
352,373
352,381
352,393
353,356
353,362
353,369
353,374
353,376
353,377
353,382
353,389
354,358
354,366
354,368
354,385
354,389
354,400
355,387
355,399
356,373
356,374
356,377
356,389
356,391
356,392
356,399
356,400
357,360
357,363
357,366
357,369
357,395
358,370
358,371
358,399
358,400
358,403
359,384
359,387
360,363
360,371
360,373
360,389
361,364
361,366
361,371
361,374
361,379
361,388
361,392
361,397
361,399
361,402
362,367
362,370
362,374
362,378
362,389
362,392
362,399
362,402
363,368
363,374
363,379
363,396
364,367
364,369
364,370
364,373
364,386
364,393
364,397
364,400
365,366
365,397
366,379
366,381
366,399
367,389
367,392
368,371
368,374
368,376
368,380
368,386
368,398
368,399
369,371
369,378
369,385
369,389
370,373
370,379
370,389
370,398
370,400
371,380
371,403
372,391
372,395
372,399
373,376
373,379
373,380
373,387
373,389
373,399
373,400
374,378
374,382
374,389
374,403
375,379
375,392
375,398
375,399
375,402
376,387
377,393
377,398
377,400
378,403
379,382
379,390
379,398
379,399
379,402
381,384
381,390
381,399
382,386
382,401
383,403
385,393
385,399
386,400
386,403
388,389
388,402
389,393
389,395
389,399
390,396
390,399
390,402
391,395
392,397
392,399
393,400
394,399
395,396
398,400
398,403
